1,google.com,83.457557,ae448c77fd9bdc3a89bde6849376aee516409abf4595effa20ebfa559a388825, 73:b4:81:38:3f:93:6f:6b:03:00:00:00:00:c7:cb:b4
1,www.google.com,83.457557,00af8801f82757a0253bfd2342c6f4335ad28332275a427e10a454319c0245ca, 86:9a:7d:c0:7a:6d:f0:e5:05:00:00:00:00:85:90:56
2,youtube.com,82.564584,ae448c77fd9bdc3a89bde6849376aee516409abf4595effa20ebfa559a388825, 73:b4:81:38:3f:93:6f:6b:03:00:00:00:00:c7:cb:b4
2,www.youtube.com,82.564584,ae448c77fd9bdc3a89bde6849376aee516409abf4595effa20ebfa559a388825, 73:b4:81:38:3f:93:6f:6b:03:00:00:00:00:c7:cb:b4
7,sohu.com,709.215867,07696c281186fbb1277cc54957f5c3d186497b5acb52cd23180cfe66358d76f8, 0e:f4:53:60:fe:8f:f7:42:b3:a5:54:a4:42:12:a8:a8
7,www.sohu.com,709.215867,07696c281186fbb1277cc54957f5c3d186497b5acb52cd23180cfe66358d76f8, 0e:f4:53:60:fe:8f:f7:42:b3:a5:54:a4:42:12:a8:a8
19,netflix.com,88.760200,78f28970d899677c3dfc988184c43b68a23541ebc582c7e463f11c4c1de7dc06, 0f:2a:62:75:cf:97:9d:94:b0:bd:c9:fe:c4:6b:34:f0
19,www.netflix.com,88.760200,78f28970d899677c3dfc988184c43b68a23541ebc582c7e463f11c4c1de7dc06, 0f:2a:62:75:cf:97:9d:94:b0:bd:c9:fe:c4:6b:34:f0
20,live.com,94.363645,b702b96a4477afbe78b2405b90c08782550d9817bc08e463f5965dce4253493f, 03:29:ea:5e:b4:e1:db:75:6a:bd:49:92:83:71:6d:3a
20,www.live.com,94.363645,b702b96a4477afbe78b2405b90c08782550d9817bc08e463f5965dce4253493f, 03:29:ea:5e:b4:e1:db:75:6a:bd:49:92:83:71:6d:3a
31,bing.com,96.581931,50071046646cd364c78f72a410d6eec973adc87f87e0af680f9bd675d21af6fb, 7f:00:07:3f:e9:bf:5f:82:5f:7c:b7:8f:26:00:00:00:07:3f:e9
31,www.bing.com,96.581931,50071046646cd364c78f72a410d6eec973adc87f87e0af680f9bd675d21af6fb, 7f:00:07:3f:e9:bf:5f:82:5f:7c:b7:8f:26:00:00:00:07:3f:e9
38,google.com.hk,96.662616,e3d7573a03451edff3a0c928853c7880b4fe5a711825ea63fdb457166fda0a23, 2b:9a:d7:b7:62:13:70:fb:05:00:00:00:00:85:90:a4
38,www.google.com.hk,96.662616,e3d7573a03451edff3a0c928853c7880b4fe5a711825ea63fdb457166fda0a23, 2b:9a:d7:b7:62:13:70:fb:05:00:00:00:00:85:90:a4
42,ebay.com,310.577237,2cbb1e7b2618ea39b4ee98cb82561d78905d690e8db5a20695edca6d502a46c1, 5d:32:dc:db:10:ef:cc:89:92:fb:2b:a4:69:16:e1:d4
42,www.ebay.com,310.577237,c03e7ed0128685d217c4e2f6dc70eee5948516e7ee2d6295b2a4bb413fd7abf4, 06:c4:bc:6c:67:b1:b4:4e:45:59:66:cc:6a:a9:31:4d
44,google.co.in,92.325277,679fc006c17f25300cf1431dde89fbcb1819defa02a6fd50103dbd3748813e6a, 6d:31:2c:e1:cc:0a:67:10:05:00:00:00:00:85:90:88
44,www.google.co.in,92.325277,679fc006c17f25300cf1431dde89fbcb1819defa02a6fd50103dbd3748813e6a, 6d:31:2c:e1:cc:0a:67:10:05:00:00:00:00:85:90:88
51,office.com,108.329838,b5adca68327d2c1f28c53851f4faadb553ee847f52a596e28105907c971afc2f, 78:e5:a1:67:ea:ca:b1:10:95:c3:bb:a8
51,www.office.com,108.329838,b5adca68327d2c1f28c53851f4faadb553ee847f52a596e28105907c971afc2f, 78:e5:a1:67:ea:ca:b1:10:95:c3:bb:a8
59,apple.com,144.660740,5d77e2cbd9f1413c0ec25e985e6a97e73bca25738f620578528aaad45c9906f0, 0e:7b:3a:b4:29:e1:83:d0:7a:4f:c4:db:e9:c4:c1:91
59,www.apple.com,144.660740,94ce1208341e033a2191665d6c6f189436558afffbcab206632ffe3fa9c8d7cd, 03:8e:3f:9e:09:d7:ed:c7:b1:80:3f:74:a7:4c:35:ab
61,msn.com,100.159152,69c337e000079a0929d57c54344ae1257f929dd8d37acfc193077ad48d8aad81, 7f:00:00:39:25:a3:46:a4:79:09:4c:2f:c6:00:00:00:00:39:25
61,www.msn.com,100.159152,ca6c4414e2321023a70aac2cee22c6a960e1005216fffe59d351831f105185e3, 7f:00:00:ee:b7:ad:0b:d4:94:27:b0:a2:ca:00:00:00:00:ee:b7
65,so.com,964.011774,97f4b666cc4581b6e3e9af48eb58b385b07ffeda5cda7ea7ee039a7a97cc6858, 9c:9c:20:a7:01:f2:bd:39:43:d2:40:9c:ca:27:5b:69
65,www.so.com,964.011774,97f4b666cc4581b6e3e9af48eb58b385b07ffeda5cda7ea7ee039a7a97cc6858, 9c:9c:20:a7:01:f2:bd:39:43:d2:40:9c:ca:27:5b:69
68,google.com.br,96.352302,60f3de76c0e32af07e33ddecf7d005d7009ecf4ad300a55606ef93e9b548e5f4, e8:f8:f5:db:b1:9c:29:67:05:00:00:00:00:85:90:99
68,www.google.com.br,96.352302,60f3de76c0e32af07e33ddecf7d005d7009ecf4ad300a55606ef93e9b548e5f4, e8:f8:f5:db:b1:9c:29:67:05:00:00:00:00:85:90:99
72,canva.com,93.221113,0becaf4716429cd5a7f1438f9b2de5de6f3c81fb2a89089e86c619567155f473, 07:ea:fa:1f:a4:9f:6f:00:80:22:8d:c5:8e:cd:dc:2b
72,www.canva.com,93.221113,0becaf4716429cd5a7f1438f9b2de5de6f3c81fb2a89089e86c619567155f473, 07:ea:fa:1f:a4:9f:6f:00:80:22:8d:c5:8e:cd:dc:2b
76,google.co.jp,103.111363,1df19fdfb854399459752ccf52716d6fcc452b93c44b8a34aca3ac1580f5162c, 60:bc:bc:8f:8b:dc:66:10:03:00:00:00:00:c7:cc:7e
76,www.google.co.jp,103.111363,1df19fdfb854399459752ccf52716d6fcc452b93c44b8a34aca3ac1580f5162c, 60:bc:bc:8f:8b:dc:66:10:03:00:00:00:00:c7:cc:7e
78,dropbox.com,86.445151,99dfe7a8ab58609bbbb466f8a1d58df4986324f15c630c97a45d880bb7c107a1, 02:4b:af:32:08:b6:97:77:72:3d:f8:29:af:8d:1f:ad
78,www.dropbox.com,86.445151,99dfe7a8ab58609bbbb466f8a1d58df4986324f15c630c97a45d880bb7c107a1, 02:4b:af:32:08:b6:97:77:72:3d:f8:29:af:8d:1f:ad
82,spotify.com,76.036697,a08b8f75b07967ea37abb5f183e796925c84cdf9c06635a8f5685a94dd0b2b21, 05:2f:06:e2:03:e1:42:d2:1e:3e:d1:2f:d8:ce:e9:9f
82,www.spotify.com,76.036697,a08b8f75b07967ea37abb5f183e796925c84cdf9c06635a8f5685a94dd0b2b21, 05:2f:06:e2:03:e1:42:d2:1e:3e:d1:2f:d8:ce:e9:9f
91,google.de,102.010490,1de09355db2b365b56fb2c28b1f687f359747627334196403fd5b2c463189116, 82:34:6e:6a:7e:37:03:56:05:00:00:00:00:85:90:be
91,www.google.de,102.010490,433a85c6383f906df5c01ec3178349393eb6f39e7de7ccfbed7a947a3271bd47, ff:5e:71:82:3c:78:f0:a9:03:00:00:00:00:c7:cc:24
92,google.ru,100.036442,5822535bff61e6565c2ed113ec93489118949174db087a94d6142239c123327d, 0d:41:bb:1e:a9:fb:d1:26:05:00:00:00:00:85:90:b6
92,www.google.ru,100.036442,5822535bff61e6565c2ed113ec93489118949174db087a94d6142239c123327d, 0d:41:bb:1e:a9:fb:d1:26:05:00:00:00:00:85:90:b6
93,google.fr,101.934819,35bc1900b871392d4dc3b03dda4a23b5c146d9ae78090f3459b652749ff9f032, a6:e5:87:c5:30:ae:b2:61:05:00:00:00:00:85:90:c2
93,www.google.fr,101.934819,35bc1900b871392d4dc3b03dda4a23b5c146d9ae78090f3459b652749ff9f032, a6:e5:87:c5:30:ae:b2:61:05:00:00:00:00:85:90:c2
97,google.es,90.029125,f3b10697beb65a1c815186cead6fdc98cebfe4a2193c71e41a70b5d3a05e3175, 5f:74:50:3d:d5:c4:3c:43:05:00:00:00:00:85:90:c0
97,www.google.es,90.029125,f3b10697beb65a1c815186cead6fdc98cebfe4a2193c71e41a70b5d3a05e3175, 5f:74:50:3d:d5:c4:3c:43:05:00:00:00:00:85:90:c0
98,google.it,101.563168,8ec8a7356dad841201725c02c76d170dad8e5a540714d65294e39075dcc319d7, 05:fb:2a:0c:36:be:c6:d9:03:00:00:00:00:c7:cc:d9
98,www.google.it,101.563168,8ec8a7356dad841201725c02c76d170dad8e5a540714d65294e39075dcc319d7, 05:fb:2a:0c:36:be:c6:d9:03:00:00:00:00:c7:cc:d9
100,medium.com,102.396650,7e5bac8c80e7bc7012091b5d1ead3786497edffe0fb2435492bd907f456e4769, 05:54:79:a2:fe:50:df:37:5d:bd:57:75:38:39:c2:22
100,www.medium.com,102.396650,7e5bac8c80e7bc7012091b5d1ead3786497edffe0fb2435492bd907f456e4769, 05:54:79:a2:fe:50:df:37:5d:bd:57:75:38:39:c2:22
102,xhamster.com,71.737318,757212af36cb7f03a09273371ae9734e39f6b23e672b3da021a72fa946a05951, 01:95:3e:df:8e:4e:9a:0d:07:5a:1f:00:ef:91:84:ea
102,www.xhamster.com,71.737318,a2c9c3adcdb7a780eda939ff90054e9a0007fbe4be52e01d4a3691a0f85fd851, 08:b3:e7:1f:c4:d3:5d:67:90:6c:08:10:a4:3c:ef:c8
109,discordapp.com,79.834048,ada02586224dd5baf4b279162fc277406b67a0e20d30f2453718a62ac1272c9d, 0e:8a:f6:58:39:90:4f:f7:d4:1b:0e:c0:3a:44:23:a0
109,www.discordapp.com,79.834048,ada02586224dd5baf4b279162fc277406b67a0e20d30f2453718a62ac1272c9d, 0e:8a:f6:58:39:90:4f:f7:d4:1b:0e:c0:3a:44:23:a0
110,google.com.sg,107.033592,d8f4d1cf603f6c4acd47d25149e5c8b8841f05119edca3d45dbcef801174fdd2, b0:94:7f:46:09:c4:e0:bc:03:00:00:00:00:c7:cc:b3
110,www.google.com.sg,107.033592,d8f4d1cf603f6c4acd47d25149e5c8b8841f05119edca3d45dbcef801174fdd2, b0:94:7f:46:09:c4:e0:bc:03:00:00:00:00:c7:cc:b3
121,google.cn,113.638441,e10a0ca1dba571e185e91f591f6e0d4ad82e732254e9e5f793805f15db8b16da, bb:10:89:76:e3:82:2e:6e:03:00:00:00:00:c7:cc:73
121,www.google.cn,113.638441,e10a0ca1dba571e185e91f591f6e0d4ad82e732254e9e5f793805f15db8b16da, bb:10:89:76:e3:82:2e:6e:03:00:00:00:00:c7:cc:73
134,google.co.uk,100.883253,ac7d3bae60a12b76fdb3170e6c86c3b87876601762873a2f3b83c620d1df620c, aa:05:bf:78:5a:63:70:39:03:00:00:00:00:c7:cc:87
134,www.google.co.uk,100.883253,d84633147c49e994579b886da05c9c6d36d3ccb058ef780533b3736c64e86ddb, 68:f5:53:d4:98:90:fb:97:03:00:00:00:00:c7:cc:22
141,google.com.tw,93.504001,9090d2f45906ae09ee3a870257c621d04cb7c7e19b2c30bf7665613d0cfd501a, b3:9f:98:b2:d7:97:b8:2c:03:00:00:00:00:c7:cc:b9
141,www.google.com.tw,93.504001,9090d2f45906ae09ee3a870257c621d04cb7c7e19b2c30bf7665613d0cfd501a, b3:9f:98:b2:d7:97:b8:2c:03:00:00:00:00:c7:cc:b9
142,google.com.tr,99.236503,f23653c422ebf0bed0eb5a71e3b4e359019bd7c66bda44353bcfadb38947f458, 26:24:3f:95:d8:2e:8d:4c:03:00:00:00:00:c7:cc:b8
142,www.google.com.tr,99.236503,f23653c422ebf0bed0eb5a71e3b4e359019bd7c66bda44353bcfadb38947f458, 26:24:3f:95:d8:2e:8d:4c:03:00:00:00:00:c7:cc:b8
144,breitbart.com,83.853440,59accd8bb1121e363bcc55180d441e52287ad4a2962515b661a40c749febce77, cb:9d:77:f2:8c:d7:7c:e0:2a:69:59:26:fc:40:58:52
144,www.breitbart.com,83.853440,59accd8bb1121e363bcc55180d441e52287ad4a2962515b661a40c749febce77, cb:9d:77:f2:8c:d7:7c:e0:2a:69:59:26:fc:40:58:52
150,daum.net,706.812030,fbaaf843954e376d85ae4c58b25b54d4083375e4d642e67d93b94915feed893c, 02:62:36:d6:50:aa:3b:f5:d4:73:8b:98:a8:93:f4:c4
150,www.daum.net,706.812030,fbaaf843954e376d85ae4c58b25b54d4083375e4d642e67d93b94915feed893c, 02:62:36:d6:50:aa:3b:f5:d4:73:8b:98:a8:93:f4:c4
151,google.com.mx,101.578628,08dc51c5416bee4fd5263d928bede25fff5cd017824173618dfeb9d73c391cd2, 11:17:ec:7b:72:40:a0:27:03:00:00:00:00:c7:cc:a7
151,www.google.com.mx,101.578628,08dc51c5416bee4fd5263d928bede25fff5cd017824173618dfeb9d73c391cd2, 11:17:ec:7b:72:40:a0:27:03:00:00:00:00:c7:cc:a7
153,youm7.com,103.164868,5df14729f7dc7ffeed6203c31197131e033abe77cf24f1d7d5e91737823c9da8, 0b:f1:fe:78:21:f9:19:4c:c3:e5:4f:14:c7:13:e1:33
153,www.youm7.com,103.164868,5df14729f7dc7ffeed6203c31197131e033abe77cf24f1d7d5e91737823c9da8, 0b:f1:fe:78:21:f9:19:4c:c3:e5:4f:14:c7:13:e1:33
156,cnet.com,95.211872,99f5da84b52cecb2e55a9cb93b0211ca3f0ba888bcc1099c15611249c2a80d62, 09:f8:43:08:68:3a:f1:94:31:d7:1a:f5:fd:02:a5:9b
156,www.cnet.com,95.211872,92df78aa648dd63a2208b0034723d13c792ea1c0223e888fc60f2d2abbe17f2e, 01:05:7f:ba:92:07:e6:49:60:ae:ff:21:e7:0e:cf:2a
166,mediafire.com,99.433240,5976d6335499e53909940797dd43762b6d5500f3643b9cc7208043da97ac2696, 25:13:81:f4:2c:73:e7:01:c0:d0:4c:40:d5:90:97:43
166,www.mediafire.com,99.433240,5976d6335499e53909940797dd43762b6d5500f3643b9cc7208043da97ac2696, 25:13:81:f4:2c:73:e7:01:c0:d0:4c:40:d5:90:97:43
175,w3schools.com,261.824409,91b23df6c1752f471827ff00259e1d8775e1bb3d3a5b021759ddd7cc4e71475a, 88:7f:55:d2:08:28:0e:2e:d6:8d:0c:6d:5d:85:35:e5
175,www.w3schools.com,261.824409,9b4e7a339c7c9951c94479dbed6c97fe74fea5cfc259aa577013b22c00a8a029, 0d:64:04:0c:b8:da:b4:d4:85:91:5b:68:68:f7:b3:eb
176,chaturbate.com,100.774095,16c4daffb1854590b2ffd479127c0f4baf77dced914460fc9d7fdc7a1e5fcea5, 0c:b3:0d:21:3c:26:17:71:07:c0:9c:7f:c8:11:a4:56
176,www.chaturbate.com,100.774095,16c4daffb1854590b2ffd479127c0f4baf77dced914460fc9d7fdc7a1e5fcea5, 0c:b3:0d:21:3c:26:17:71:07:c0:9c:7f:c8:11:a4:56
178,ladbible.com,94.787206,57346a63dfb60a37f980267feaaad4c7642445f855b982eaa1c9f73e5c3840fc, 02:c8:03:a1:2b:fa:1b:90:be:c4:33:e4:1f:f7:ec:8c
178,www.ladbible.com,94.787206,57346a63dfb60a37f980267feaaad4c7642445f855b982eaa1c9f73e5c3840fc, 02:c8:03:a1:2b:fa:1b:90:be:c4:33:e4:1f:f7:ec:8c
180,ebay.de,298.048225,2cbb1e7b2618ea39b4ee98cb82561d78905d690e8db5a20695edca6d502a46c1, 5d:32:dc:db:10:ef:cc:89:92:fb:2b:a4:69:16:e1:d4
180,www.ebay.de,298.048225,24e758c254a58c9c25657c2a82aa18e2d195073b0ea75226ce105dab4e2da4da, 07:41:6b:c7:b0:95:23:d9:1a:39:fa:7a:53:30:87:10
187,google.com.sa,316.594855,e3f8d518744a4923cef819cc9ae14b4bb6fccad7c96866c5c81b7235a5df2c41, ec:7c:75:5b:d4:08:6d:7e:05:00:00:00:00:85:90:b8
187,www.google.com.sa,316.594855,e3f8d518744a4923cef819cc9ae14b4bb6fccad7c96866c5c81b7235a5df2c41, ec:7c:75:5b:d4:08:6d:7e:05:00:00:00:00:85:90:b8
188,chouftv.ma,92.784407,76d8f5eeb87c46eb71ef9db9dd9769676c010d883e03c825e6754c4abc6ab321, 0e:ea:17:b4:46:da:5e:7b:50:80:a3:7c:d3:ef:bf:ca
188,www.chouftv.ma,92.784407,76d8f5eeb87c46eb71ef9db9dd9769676c010d883e03c825e6754c4abc6ab321, 0e:ea:17:b4:46:da:5e:7b:50:80:a3:7c:d3:ef:bf:ca
191,y2mate.com,96.928509,2a0cf67b99b96e90a0b688ecd29cbb71a2da681dcb35d7735b6bc197b00f90f2, Signature Algorithm: sha256WithRSAEncryption
191,www.y2mate.com,96.928509,2a0cf67b99b96e90a0b688ecd29cbb71a2da681dcb35d7735b6bc197b00f90f2, Signature Algorithm: sha256WithRSAEncryption
193,dailymotion.com,314.660720,6b07a0eb316a2c8e7435a73b40503bbe14b86bdd448403c1bb0cfb7bd535ce6d, 02:a3:19:87:fb:e2:36:0b:48:8a:c4:bd:fa:e3:a3:11
193,www.dailymotion.com,314.660720,371d90b963e8d2f51aa9113651afa95b767372b52dfeb527d76facc5b66ba925, 5b:ad:f3:76:62:2c:8f:b7:6a:e1:17:57:e6:87:0a:0a
195,google.ca,102.600813,22a4b23306c0ed8e073c9ba7593e4c6aaa0ba7e15e5bb9cfb8bfc46b8ace279b, f2:91:ab:b9:ab:d6:32:9e:03:00:00:00:00:c7:cc:6d
195,www.google.ca,102.600813,22a4b23306c0ed8e073c9ba7593e4c6aaa0ba7e15e5bb9cfb8bfc46b8ace279b, f2:91:ab:b9:ab:d6:32:9e:03:00:00:00:00:c7:cc:6d
201,google.com.eg,119.518697,ff46c026889ebc5f0c8d8cc7b0f9e949615f4b40f432d236ec2460abd3c3b2cd, 9a:df:80:0a:a8:df:7d:00:08:00:00:00:00:70:b2:40
201,www.google.com.eg,119.518697,5847475237fd6808088978b93ff17bbad3d4ccd42887f3207e91429876ead09e, e3:1a:0e:21:03:15:31:61:03:00:00:00:00:c7:cc:96
206,eastday.com,988.251412,40a31d9f8bc2ca035ae357278f6643a493aa76289b982bda44fb09a5dff9047e, 28:3b:ab:4b:d0:54:82:2e:36:da:9b:42
206,www.eastday.com,988.251412,40a31d9f8bc2ca035ae357278f6643a493aa76289b982bda44fb09a5dff9047e, 28:3b:ab:4b:d0:54:82:2e:36:da:9b:42
212,google.co.th,114.565683,be3357c6a6d5f62de739d9fd6f1bdf80b5453910cf2e6f722279e6c049bea43b, c7:b7:6d:6a:7b:f9:cc:ac:03:00:00:00:00:c7:cc:85
212,www.google.co.th,114.565683,be3357c6a6d5f62de739d9fd6f1bdf80b5453910cf2e6f722279e6c049bea43b, c7:b7:6d:6a:7b:f9:cc:ac:03:00:00:00:00:c7:cc:85
218,google.co.id,115.933150,12613df0893aa057e812c9043de6b602bceb5fdfa1518fe889899c01f54d08c9, c7:8a:44:47:f8:49:a1:8b:03:00:00:00:00:c7:cc:7a
218,www.google.co.id,115.933150,12613df0893aa057e812c9043de6b602bceb5fdfa1518fe889899c01f54d08c9, c7:8a:44:47:f8:49:a1:8b:03:00:00:00:00:c7:cc:7a
238,google.com.ar,121.397163,882742967412ba1f5cd0d163cfa09e29573d8495db424381760f0a5915a37e51, 29:75:5e:d7:7b:45:8f:40:03:00:00:00:00:c7:cc:8d
238,www.google.com.ar,121.397163,882742967412ba1f5cd0d163cfa09e29573d8495db424381760f0a5915a37e51, 29:75:5e:d7:7b:45:8f:40:03:00:00:00:00:c7:cc:8d
241,nicovideo.jp,608.129236,d2dbb1a5be6426bcb86e55ceb12f544487998aa4a060c0843ddf7d54f7ab75c6, 7a:89:36:53:61:4b:a9:75:5a:6f:a1:f8
241,www.nicovideo.jp,608.129236,d2dbb1a5be6426bcb86e55ceb12f544487998aa4a060c0843ddf7d54f7ab75c6, 7a:89:36:53:61:4b:a9:75:5a:6f:a1:f8
243,line.me,621.190589,b68a81992ce68f069fa38587ef1dc5774c870d68289d893aab42f7702fa900c7, 03:9f:84:76:ea:a7:f0:90:bd:ad:44:cf
243,www.line.me,621.190589,b68a81992ce68f069fa38587ef1dc5774c870d68289d893aab42f7702fa900c7, 03:9f:84:76:ea:a7:f0:90:bd:ad:44:cf
252,softonic.com,130.263083,64f2a3339ead6827b45a24ed3885dd8566daa8c6076e7e5f5b64247aca3254a3, 19:b5:b7:7e:49:8e:f1:ab:2c:6b:09:df:c1:10:e4:52
252,www.softonic.com,130.263083,64f2a3339ead6827b45a24ed3885dd8566daa8c6076e7e5f5b64247aca3254a3, 19:b5:b7:7e:49:8e:f1:ab:2c:6b:09:df:c1:10:e4:52
253,google.pl,102.270500,3c45c94e4f884cf6ed6094513023d8f0e61816cec4d3b11692e717f613b8275b, 47:70:a9:0f:18:01:90:79:05:00:00:00:00:85:90:df
253,www.google.pl,102.270500,3c45c94e4f884cf6ed6094513023d8f0e61816cec4d3b11692e717f613b8275b, 47:70:a9:0f:18:01:90:79:05:00:00:00:00:85:90:df
261,ebay.co.uk,319.470009,2cbb1e7b2618ea39b4ee98cb82561d78905d690e8db5a20695edca6d502a46c1, 5d:32:dc:db:10:ef:cc:89:92:fb:2b:a4:69:16:e1:d4
261,www.ebay.co.uk,319.470009,24e758c254a58c9c25657c2a82aa18e2d195073b0ea75226ce105dab4e2da4da, 07:41:6b:c7:b0:95:23:d9:1a:39:fa:7a:53:30:87:10
267,blogger.com,117.740360,c56a12b0ce1af6376c59aaaf2a210538b9154f3d831c49bfcbde2cbddc36a43b, 9e:59:97:26:25:96:f5:6f:03:00:00:00:00:c7:cb:99
267,www.blogger.com,117.740360,c56a12b0ce1af6376c59aaaf2a210538b9154f3d831c49bfcbde2cbddc36a43b, 9e:59:97:26:25:96:f5:6f:03:00:00:00:00:c7:cb:99
269,51sole.com,1013.331620,3a014231a65e8dd8c0fd519f8b472eec21a139564c5787c408b26cc35c906145, 09:05:7b:02:34:2e:f4:7d:27:93:1f:b3:46:a5:70:3a
269,www.51sole.com,1013.331620,3a014231a65e8dd8c0fd519f8b472eec21a139564c5787c408b26cc35c906145, 09:05:7b:02:34:2e:f4:7d:27:93:1f:b3:46:a5:70:3a
271,abs-cbn.com,792.411634,668d0b4616c94ded5a25cf7d53a3fbc3009428acc02df13360f798db3f612734, 04:6c:40:b6:da:9b:b7:da:7b:b8:f9:59:ea:5b:e4:1c:cf:36
271,www.abs-cbn.com,792.411634,33481c1438f087297240f0d478f3c3315ae0970c68137bb11964c44095614e1b, 03:3a:86:c4:0d:a8:ab:41:7d:80:fe:06:87:a7:d6:55
275,www.gamepedia.com,103.286191,ad0044a4dbc28a4620a3dda58f56ec4a0b56b930c8351f029490c05d030c60e5, 76:c2:87:f1:ea:d0:09:1e:4e:00:4b:a8
291,spankbang.com,91.486342,118fd53de5de83a8bcbb0ad7202e4b02e2928ca0374dd7fde0d1d6b718edd467, 09:21:bb:72:b2:7c:b0:20:eb:b3:2a:31:f5:1f:d7:2e
291,www.spankbang.com,91.486342,118fd53de5de83a8bcbb0ad7202e4b02e2928ca0374dd7fde0d1d6b718edd467, 09:21:bb:72:b2:7c:b0:20:eb:b3:2a:31:f5:1f:d7:2e
292,evernote.com,103.379466,e5ab55149748462a4dd9387d07847c294fc068ffcf5982a3058f0f1a788fa2a8, 0d:fc:91:a9:c4:a5:c3:84:a7:90:48:6c:a6:94:5a:31
292,www.evernote.com,103.379466,e5ab55149748462a4dd9387d07847c294fc068ffcf5982a3058f0f1a788fa2a8, 0d:fc:91:a9:c4:a5:c3:84:a7:90:48:6c:a6:94:5a:31
294,ilovepdf.com,179.947166,fdd5c1877ea791723d3826f1c1c0bafd4783ffe6f8c0f75506ae16b3ccd8c7ea, 03:f3:b2:ee:32:b7:6d:82:dd:78:23:84:cd:72:c3:d4
294,www.ilovepdf.com,179.947166,fdd5c1877ea791723d3826f1c1c0bafd4783ffe6f8c0f75506ae16b3ccd8c7ea, 03:f3:b2:ee:32:b7:6d:82:dd:78:23:84:cd:72:c3:d4
300,pexels.com,114.823947,2276fb8ae9cc1d1491c728c6f5481ae56e78237c8c1cb64a44d673f28f402801, 06:2f:40:db:41:76:e4:02:75:56:a9:ce:43:d0:9c:d4
300,www.pexels.com,114.823947,f0431200225bb047b2ce31917ad5c8512b204c5e4f3b0348ea560a4f34c16d0d, 03:a6:7e:89:99:5a:f7:96:ac:a8:f3:dd:a0:89:c1:b2
312,google.co.kr,107.579402,3d4c200cf7388a8b59cc2de71f20c14cc06899991b482063fd00939c4a48d209, 4c:a6:1c:75:6d:af:af:f7:05:00:00:00:00:85:90:8b
312,www.google.co.kr,107.579402,3d4c200cf7388a8b59cc2de71f20c14cc06899991b482063fd00939c4a48d209, 4c:a6:1c:75:6d:af:af:f7:05:00:00:00:00:85:90:8b
314,sportbible.com,89.851224,2389da25d3c3694869c44ee4e7178e59bc6ce35dca9524cd52f8c37be97b7db1, 0d:1a:33:a8:f6:6a:39:71:b6:b1:f8:cb:50:f5:f4:98
314,www.sportbible.com,89.851224,2389da25d3c3694869c44ee4e7178e59bc6ce35dca9524cd52f8c37be97b7db1, 0d:1a:33:a8:f6:6a:39:71:b6:b1:f8:cb:50:f5:f4:98
316,genius.com,93.800320,950ffc71c8ab3e51e5643b9eed4f930ef1fc46e3a8e7acbd563dc00479821afb, 0a:04:db:17:fb:9c:7b:f3:63:38:c3:05:82:28:f0:c7
316,www.genius.com,93.800320,950ffc71c8ab3e51e5643b9eed4f930ef1fc46e3a8e7acbd563dc00479821afb, 0a:04:db:17:fb:9c:7b:f3:63:38:c3:05:82:28:f0:c7
319,ninisite.com,908.037478,fd178e3bae439f8c828afbefecd75ff98460130c146c5250655db2a8f6507ec1, 6e:fc:b4:7c:1b:a4:00:4f:2d:2f:84:16:d8:32:82:d6
319,www.ninisite.com,908.037478,fd178e3bae439f8c828afbefecd75ff98460130c146c5250655db2a8f6507ec1, 6e:fc:b4:7c:1b:a4:00:4f:2d:2f:84:16:d8:32:82:d6
321,mozilla.org,311.343239,89af3d5c6618520fb3e3931b53f8a113d512af1aeefd5439e3b7779720441ad0, 03:ba:02:ec:8a:6a:8d:af:8b:e9:9c:1c:ad:5e:f3:09:33:a2
321,www.mozilla.org,311.343239,04624de69397426dd95bcfbcbc29fde042cc8bb057d6618a3b8848361c234f4b, 08:35:2a:b5:5e:3e:73:6e:f1:5e:80:82:e5:00:6e:03
327,homedepot.com,87.887642,cc608444ba03233e62742223c6cf0b7332c3718e23e4240881b4d83476e3819e, 6c:aa:69:f2:47:ca:aa:fe:04:29:8c:b7:83:1f:d6:4a
327,www.homedepot.com,87.887642,8c628075b96fcc418a26d7dbf1d4c5812ea4c4d53dd2c136a3ea7149e330c4eb, 0a:dc:18:b7:93:ff:16:56:6d:fd:15:c9:93:28:43:e0
328,irctc.co.in,1275.819303,6b177aa6d81deb8aa2a18c2da3dc9368482a02384647918c3cee8429f92127fb, 08:d1:14:9b:10:1b:b3:6e:59:d1:2d:b5:28:92:6d:42
328,www.irctc.co.in,1275.819303,6b177aa6d81deb8aa2a18c2da3dc9368482a02384647918c3cee8429f92127fb, 08:d1:14:9b:10:1b:b3:6e:59:d1:2d:b5:28:92:6d:42
345,ensonhaber.com,128.483781,4542ac2a3f73a98d24f425a101b6f82c01c7f04c2626d94e17e402825b69136c, 04:9b:2a:50:d5:6d:3b:6d:af:bc:e8:f1:84:fb:74:b7
345,www.ensonhaber.com,128.483781,4542ac2a3f73a98d24f425a101b6f82c01c7f04c2626d94e17e402825b69136c, 04:9b:2a:50:d5:6d:3b:6d:af:bc:e8:f1:84:fb:74:b7
349,skype.com,329.172159,aa1b4237e773121b566bd4dae951a2832afcad0340f6ed9203956b7588ecf590, 7f:00:04:61:0b:ae:d7:d9:dc:47:49:95:70:00:00:00:04:61:0b
349,www.skype.com,329.172159,aa1b4237e773121b566bd4dae951a2832afcad0340f6ed9203956b7588ecf590, 7f:00:04:61:0b:ae:d7:d9:dc:47:49:95:70:00:00:00:04:61:0b
360,google.com.ua,84.896301,24d4a70699f533874b6b199a54809092ba517f3c13d9d13ab591554eb5fcb71d, ae:3d:e4:c4:53:3b:c6:fc:05:00:00:00:00:85:90:ba
360,www.google.com.ua,84.896301,24d4a70699f533874b6b199a54809092ba517f3c13d9d13ab591554eb5fcb71d, ae:3d:e4:c4:53:3b:c6:fc:05:00:00:00:00:85:90:ba
367,google.gr,106.804655,a3f6295797cfdacb9feaa0f87bf7c1c431ffc2c5b9b3ec75676c458a25f3215e, 50:aa:6a:10:10:5a:9d:c9:05:00:00:00:00:85:90:c8
367,www.google.gr,106.804655,27000d3bbec1353202fb5cbe7fbcb6a4b82380b08168d30823b948a3e49563f4, 87:45:9e:35:b8:57:43:f5:02:00:00:00:00:87:00:fe
375,51.la,1728.425233,1282ea86abea8772f1703575a2b11adac2d854f46c51be52ff9d32bf88f3b1fc, 20:3b:7a:a6:96:cc:02:34:d3:f6:fa:28
375,www.51.la,1728.425233,1282ea86abea8772f1703575a2b11adac2d854f46c51be52ff9d32bf88f3b1fc, 20:3b:7a:a6:96:cc:02:34:d3:f6:fa:28
376,9gag.com,86.866567,bf45d2edb2716ef5b332ac08f7414d87d1921434178a1a6e6eb5af247e150ce6, 0d:2e:c5:fa:ee:d1:05:d0:6f:1e:c4:94:c6:12:bd:be
376,www.9gag.com,86.866567,8d2764da3e71c7c8d7499310c8e899c4645b10bd0999dab74ad2580b8b42870b, 0c:a2:28:00:85:11:46:d2:41:9d:11:cc:51:82:87:f2
377,westernjournal.com,95.474898,0db617a8ac0b4b70b0febdec98c3ea384c2722ea1a8fd0b172497e4c711fe001, 05:d6:64:ac:9a:fd:17:31:53:1a:2f:e1:7f:6c:b9:0b
377,www.westernjournal.com,95.474898,0db617a8ac0b4b70b0febdec98c3ea384c2722ea1a8fd0b172497e4c711fe001, 05:d6:64:ac:9a:fd:17:31:53:1a:2f:e1:7f:6c:b9:0b
379,google.com.au,99.641137,8c5163ec7984e8da6f8b3ec3bbbd1909ba98fc8d6ab2463e9aaa186473f4fbec, 05:f8:c7:bf:67:8a:e0:2d:03:00:00:00:00:c7:cc:8e
379,www.google.com.au,99.641137,8c5163ec7984e8da6f8b3ec3bbbd1909ba98fc8d6ab2463e9aaa186473f4fbec, 05:f8:c7:bf:67:8a:e0:2d:03:00:00:00:00:c7:cc:8e
381,gosuslugi.ru,751.758799,dc120886952f120d3eca3036b595503ee21adbada4a782e7fba619bfad41b160, 7b:85:a1:12:18:5d:bb:d6:1e:d0:fa:c5:42:b0:79:a2
381,www.gosuslugi.ru,751.758799,dc120886952f120d3eca3036b595503ee21adbada4a782e7fba619bfad41b160, 7b:85:a1:12:18:5d:bb:d6:1e:d0:fa:c5:42:b0:79:a2
382,namasha.com,699.165671,e13f778320da902d0a9a98ca28555b7630af5077092889876e1ebfd58d34ffe2, 9b:73:da:23:db:3b:24:b4:7a:a6:5a:2d:99:c5:0b:14
382,www.namasha.com,699.165671,e13f778320da902d0a9a98ca28555b7630af5077092889876e1ebfd58d34ffe2, 9b:73:da:23:db:3b:24:b4:7a:a6:5a:2d:99:c5:0b:14
395,rutracker.org,423.404115,74723c12c5e808c86dfa5776dbb5cfb5a7292db49eab7126f8ced9580612b543, 03:b1:ac:ab:c5:e5:9d:da:79:52:c8:a4:6a:d7:2d:94:7f:00
395,www.rutracker.org,423.404115,74723c12c5e808c86dfa5776dbb5cfb5a7292db49eab7126f8ced9580612b543, 03:b1:ac:ab:c5:e5:9d:da:79:52:c8:a4:6a:d7:2d:94:7f:00
396,livejournal.com,313.097953,493d7e055cd38ab03f57e8b55a7dcd76686eb027f074b1efd470062d028e19e8, 04:a6:c9:ed:ab:bd:d8:4e:d7:6c:29:8e:67:99:df:8b
396,www.livejournal.com,313.097953,493d7e055cd38ab03f57e8b55a7dcd76686eb027f074b1efd470062d028e19e8, 04:a6:c9:ed:ab:bd:d8:4e:d7:6c:29:8e:67:99:df:8b
397,beytoote.com,548.408835,20d475be7c25fec0315247788746745b0f54da0a5ad33c51f18563ff0e44b68e, a8:5e:64:94:3c:f1:56:81:a5:1e:72:12:e7:0d:78:a4
397,www.beytoote.com,548.408835,20d475be7c25fec0315247788746745b0f54da0a5ad33c51f18563ff0e44b68e, a8:5e:64:94:3c:f1:56:81:a5:1e:72:12:e7:0d:78:a4
407,ouo.io,102.098677,63e935d762a9de12a90cec45029dbb4ccf33ffeccbfaa2bf1b45a44c2b900980, 0a:fa:6c:f7:5a:12:f7:2f:43:69:ac:7e:51:da:e4:69
407,www.ouo.io,102.098677,63e935d762a9de12a90cec45029dbb4ccf33ffeccbfaa2bf1b45a44c2b900980, 0a:fa:6c:f7:5a:12:f7:2f:43:69:ac:7e:51:da:e4:69
411,gstatic.com,111.818840,60482c53c42addf0fbf643b00def5d669630d9773356b9a07f64e38b65e3aa94, 6a:57:47:08:7c:37:d1:65:03:00:00:00:00:c7:cc:18
411,www.gstatic.com,111.818840,60482c53c42addf0fbf643b00def5d669630d9773356b9a07f64e38b65e3aa94, 6a:57:47:08:7c:37:d1:65:03:00:00:00:00:c7:cc:18
414,google.ro,97.500490,9c15ba6a4b885ab1f6408144e5de2fd9c6ac6fb541f2dbc3738d7e2f45dc3f19, 6b:3b:cf:16:b4:e7:2e:fb:05:00:00:00:00:85:90:e2
414,www.google.ro,97.500490,9c15ba6a4b885ab1f6408144e5de2fd9c6ac6fb541f2dbc3738d7e2f45dc3f19, 6b:3b:cf:16:b4:e7:2e:fb:05:00:00:00:00:85:90:e2
424,elwatannews.com,96.770409,300d7366cd9382ee64da6fa0d24f3e7dcc42e2bce0e93f7099af3a06000e466b, 4d:84:b5:af:ed:df:47:7f:d7:55:b2:5c:46:68:12:13
424,www.elwatannews.com,96.770409,300d7366cd9382ee64da6fa0d24f3e7dcc42e2bce0e93f7099af3a06000e466b, 4d:84:b5:af:ed:df:47:7f:d7:55:b2:5c:46:68:12:13
427,realtor.com,381.026409,a04e4d23fcd2ca385fc9a28df7129fb127aaddd80d0fec113195b0e700c95643, 6f:12:ea:88:92:41:22:27:00:00:00:00:50:ef:9f:b1
427,www.realtor.com,381.026409,3f726933d22496f0c99aa65ba3e0b7adc57e2da09dd57500f8cba11ab5703931, 03:0c:73:24:d3:05:13:4c:98:6a:26:9e:aa:e2:e9:13
431,alodokter.com,115.729209,36d08133144e70744bd6bc98b7a2f0aa96b8bf2713bdf556e0b19d10397976ed, 03:c6:3c:4e:f3:e6:8d:ec:39:c1:c4:3e:70:f8:00:1c
431,www.alodokter.com,115.729209,35ed9467f9a0db624fb18b0dc42127607a5ee71a19e0297e92415c89134d0660, 09:2f:e2:a5:89:d2:16:3a:4a:90:16:07:b8:1c:7b:e3
434,coinbase.com,105.182458,219eee685f108bef2eb0df462bb036a0cb666e3f2c1ca26cdd8de48be11ebaa6, 09:80:ad:a5:e9:a8:bf:0d:40:90:e8:ee:fe:5d:b7:fc
434,www.coinbase.com,105.182458,219eee685f108bef2eb0df462bb036a0cb666e3f2c1ca26cdd8de48be11ebaa6, 09:80:ad:a5:e9:a8:bf:0d:40:90:e8:ee:fe:5d:b7:fc
437,wattpad.com,91.746399,587c0e91f54c79c906f9710e7c6a2a162154c1d487804537ce4df51946f5cd99, 0d:42:98:29:52:75:f1:8a:c7:bb:82:8b:7e:02:0e:19
437,www.wattpad.com,91.746399,587c0e91f54c79c906f9710e7c6a2a162154c1d487804537ce4df51946f5cd99, 0d:42:98:29:52:75:f1:8a:c7:bb:82:8b:7e:02:0e:19
438,otvfoco.com.br,181.844550,fed45e0de579ed50785bdbfd2d2f91f3d5e66056c089d1cd69ac95cfe8aab45c, 0b:f7:f6:7c:a9:f3:f9:54:6d:7c:80:cb:76:96:43:f5
438,www.otvfoco.com.br,181.844550,fed45e0de579ed50785bdbfd2d2f91f3d5e66056c089d1cd69ac95cfe8aab45c, 0b:f7:f6:7c:a9:f3:f9:54:6d:7c:80:cb:76:96:43:f5
439,google.co.ve,112.587404,95e16d6031cf87c37f2006e46570cc5ce41547dbef38cb2f82c0f4b013c058f0, 1c:ac:9a:9c:d3:50:f9:f9:03:00:00:00:00:c7:cc:89
439,www.google.co.ve,112.587404,d5c2850c322689d9f88ed41821ebffaf037d6e574481d620f4ea7084571708eb, a4:1d:9f:64:f4:62:e3:f4:08:00:00:00:00:70:b2:26
444,gamer.com.tw,111.874457,67a6284979b8554889f856dbb6774a49fc34c44471ddf6b09d51d6575a035a3b, 02:34:28:79:e2:3d:19:96:da:15:48:2b:91:c1:40:06
444,www.gamer.com.tw,111.874457,67a6284979b8554889f856dbb6774a49fc34c44471ddf6b09d51d6575a035a3b, 02:34:28:79:e2:3d:19:96:da:15:48:2b:91:c1:40:06
455,google.com.vn,110.053156,d547d9b096f9373c8b885b6339d5a8faa95b26c4b821794ac3e066628b74dc32, 37:e1:64:aa:46:fa:0f:22:03:00:00:00:00:c7:cc:bc
455,www.google.com.vn,110.053156,d547d9b096f9373c8b885b6339d5a8faa95b26c4b821794ac3e066628b74dc32, 37:e1:64:aa:46:fa:0f:22:03:00:00:00:00:c7:cc:bc
456,google.cl,115.173863,2b97d46d321777c65cdec1da7645f8518d52e3063414de27cc5a094e7f028130, d2:d3:8e:82:a8:d8:6b:32:03:00:00:00:00:c7:cc:70
456,www.google.cl,115.173863,311fc86f777d21c77be41d15a1ba8dfc20e528958a8880a752cf3eaf2636acf8, 1b:4e:53:0c:56:10:ee:38:02:00:00:00:00:87:00:b4
466,google.dz,110.271463,256abc5f6350f7755d188cb44f513e45f3b3fd511edc45829e78c0e8475215ff, b8:2d:3f:56:99:f1:90:43:02:00:00:00:00:87:00:f3
466,www.google.dz,110.271463,4f6a3677a5d788190672beb3c30f03a76ab86dcf62ef08f33aa3fc6bde2e07fe, 41:73:a7:d6:68:16:78:62:03:00:00:00:00:c7:cc:c0
